-- phpMyAdmin SQL Dump
-- version 5.2.1
-- https://www.phpmyadmin.net/
--
-- 主機： 127.0.0.1
-- 產生時間： 2026-03-23 04:09:17
-- 伺服器版本： 10.4.32-MariaDB
-- PHP 版本： 8.2.12

SET SQL_MODE = "NO_AUTO_VALUE_ON_ZERO";
START TRANSACTION;
SET time_zone = "+00:00";


/*!40101 SET @OLD_CHARACTER_SET_CLIENT=@@CHARACTER_SET_CLIENT */;
/*!40101 SET @OLD_CHARACTER_SET_RESULTS=@@CHARACTER_SET_RESULTS */;
/*!40101 SET @OLD_COLLATION_CONNECTION=@@COLLATION_CONNECTION */;
/*!40101 SET NAMES utf8mb4 */;

--
-- 資料庫： `fonelle`
--

-- --------------------------------------------------------

--
-- 資料表結構 `addbook`
--

CREATE TABLE `addbook` (
  `addressid` int(10) NOT NULL COMMENT '地址ID',
  `setdefault` tinyint(1) NOT NULL DEFAULT 0 COMMENT '預設收件人',
  `emailid` int(10) NOT NULL COMMENT '會員編號',
  `cname` varchar(30) NOT NULL COMMENT '收件者姓名',
  `mobile` varchar(20) NOT NULL COMMENT '收件者電話',
  `myZip` varchar(10) DEFAULT NULL COMMENT '郵遞區號',
  `address` varchar(200) NOT NULL COMMENT '收件地址',
  `create_date` timestamp NOT NULL DEFAULT current_timestamp() COMMENT '建立日期'
) ENGINE=InnoDB DEFAULT CHARSET=utf8 COLLATE=utf8_unicode_ci;

--
-- 傾印資料表的資料 `addbook`
--

INSERT INTO `addbook` (`addressid`, `setdefault`, `emailid`, `cname`, `mobile`, `myZip`, `address`, `create_date`) VALUES
(1, 1, 1, 'SueSue', '0921182309', '300', '明湖路72巷2弄7-10號', '2026-03-16 08:12:58');

-- --------------------------------------------------------

--
-- 資料表結構 `carousel`
--

CREATE TABLE `carousel` (
  `caro_id` int(3) NOT NULL COMMENT '輪播編號',
  `caro_title` varchar(50) DEFAULT NULL COMMENT '輪播標題',
  `caro_content` varchar(100) DEFAULT NULL COMMENT '輪播內容介紹',
  `caro_online` tinyint(1) NOT NULL DEFAULT 1 COMMENT '上下架',
  `caro_sort` int(3) NOT NULL COMMENT '輪播排序',
  `caro_pic` varchar(50) NOT NULL COMMENT '輪播圖檔名稱',
  `p_id` int(10) NOT NULL COMMENT '產品編號',
  `create_date` timestamp NOT NULL DEFAULT current_timestamp() COMMENT '建立日期'
) ENGINE=InnoDB DEFAULT CHARSET=utf8 COLLATE=utf8_unicode_ci;

--
-- 傾印資料表的資料 `carousel`
--

INSERT INTO `carousel` (`caro_id`, `caro_title`, `caro_content`, `caro_online`, `caro_sort`, `caro_pic`, `p_id`, `create_date`) VALUES
(1, NULL, NULL, 1, 1, 'carousel1.png', 0, '2026-03-09 05:06:54'),
(2, NULL, NULL, 1, 2, 'carousel2-242-鎂力錠.png', 242, '2026-03-09 05:06:54'),
(3, NULL, NULL, 1, 3, 'carousel3-243-鎂噴霧.png', 243, '2026-03-09 05:07:47'),
(4, NULL, NULL, 1, 4, 'carousel4-321-平泰秀.png', 321, '2026-03-09 05:07:47');

-- --------------------------------------------------------

--
-- 資料表結構 `cart`
--

CREATE TABLE `cart` (
  `cartid` int(10) NOT NULL COMMENT '購物車編號',
  `emailid` int(10) DEFAULT NULL COMMENT '會員編號',
  `p_id` int(10) NOT NULL COMMENT '產品編號',
  `qty` int(3) NOT NULL COMMENT '產品數量',
  `orderid` varchar(30) DEFAULT NULL COMMENT '訂單編號',
  `status` tinyint(4) NOT NULL DEFAULT 1 COMMENT '訂單處理狀態',
  `ip` varchar(200) NOT NULL COMMENT '訂購者的IP',
  `create_date` timestamp NOT NULL DEFAULT current_timestamp() COMMENT '加入購物車時間'
) ENGINE=InnoDB DEFAULT CHARSET=utf8 COLLATE=utf8_unicode_ci;

--
-- 傾印資料表的資料 `cart`
--

INSERT INTO `cart` (`cartid`, `emailid`, `p_id`, `qty`, `orderid`, `status`, `ip`, `create_date`) VALUES
(4, NULL, 1411, 3, NULL, 1, '::1', '2026-03-23 02:59:52'),
(5, NULL, 421, 10, NULL, 1, '::1', '2026-03-23 03:00:49');

-- --------------------------------------------------------

--
-- 資料表結構 `city`
--

CREATE TABLE `city` (
  `AutoNo` int(10) NOT NULL COMMENT '城市編號',
  `Name` varchar(150) NOT NULL COMMENT '城市名稱',
  `cityOrder` tinyint(2) NOT NULL COMMENT '標記',
  `State` smallint(6) NOT NULL COMMENT '狀態'
) ENGINE=MyISAM DEFAULT CHARSET=utf8 COLLATE=utf8_unicode_ci;

--
-- 傾印資料表的資料 `city`
--

INSERT INTO `city` (`AutoNo`, `Name`, `cityOrder`, `State`) VALUES
(1, '臺北市', 0, 0),
(2, '基隆市', 0, 0),
(3, '新北市', 0, 0),
(4, '宜蘭縣', 0, 0),
(5, '新竹市', 0, 0),
(6, '新竹縣', 0, 0),
(7, '桃園市', 0, 0),
(8, '苗栗縣', 0, 0),
(9, '台中市', 0, 0),
(10, '彰化縣', 0, 0),
(11, '南投縣', 0, 0),
(12, '雲林縣', 0, 0),
(13, '嘉義市', 0, 0),
(14, '嘉義縣', 0, 0),
(15, '台南市', 0, 0),
(16, '高雄市', 0, 0),
(17, '南海諸島', 0, 0),
(18, '澎湖縣', 0, 0),
(19, '屏東縣', 0, 0),
(20, '台東縣', 0, 0),
(21, '花蓮縣', 0, 0),
(22, '金門縣', 0, 0),
(23, '連江縣', 0, 0);

-- --------------------------------------------------------

--
-- 資料表結構 `hot`
--

CREATE TABLE `hot` (
  `h_id` int(3) NOT NULL COMMENT '熱銷商品流水號',
  `p_id` int(10) NOT NULL COMMENT '產品編號',
  `h_sort` int(3) DEFAULT NULL COMMENT '熱銷商品排名'
) ENGINE=InnoDB DEFAULT CHARSET=utf8 COLLATE=utf8_unicode_ci;

--
-- 傾印資料表的資料 `hot`
--

INSERT INTO `hot` (`h_id`, `p_id`, `h_sort`) VALUES
(1, 1411, 1),
(2, 242, 2),
(3, 243, 3),
(4, 321, 4);

-- --------------------------------------------------------

--
-- 資料表結構 `member`
--

CREATE TABLE `member` (
  `emailid` int(11) NOT NULL COMMENT 'email流水號',
  `email` varchar(100) NOT NULL COMMENT 'email帳號',
  `pw1` varchar(50) NOT NULL COMMENT '密碼',
  `active` tinyint(1) NOT NULL DEFAULT 1 COMMENT '是否啟動',
  `cname` varchar(30) NOT NULL COMMENT '中文姓名',
  `tssn` varchar(20) NOT NULL COMMENT '身份證字號',
  `birthday` date NOT NULL COMMENT '生日',
  `imgname` text DEFAULT NULL COMMENT '相片檔名',
  `create_date` timestamp NOT NULL DEFAULT current_timestamp() COMMENT '建立日期'
) ENGINE=InnoDB DEFAULT CHARSET=utf8 COLLATE=utf8_unicode_ci;

--
-- 傾印資料表的資料 `member`
--

INSERT INTO `member` (`emailid`, `email`, `pw1`, `active`, `cname`, `tssn`, `birthday`, `imgname`, `create_date`) VALUES
(1, 'minuitsue@gmail.com', 'e10adc3949ba59abbe56e057f20f883e', 1, 'SueSue', 'J222201146', '1982-01-03', 'me.png', '2026-03-16 08:12:58');

-- --------------------------------------------------------

--
-- 資料表結構 `multiselect`
--

CREATE TABLE `multiselect` (
  `msid` int(5) NOT NULL COMMENT '多功能選擇ID',
  `mslevel` int(2) NOT NULL COMMENT '多功能選擇層級',
  `msuplink` int(4) NOT NULL COMMENT '上層連結',
  `opcode` varchar(10) DEFAULT NULL COMMENT '外掛參數',
  `msname` varchar(50) NOT NULL COMMENT '多功能選擇名稱',
  `msort` int(11) DEFAULT NULL COMMENT '各功能列表排序',
  `url1` varchar(200) DEFAULT NULL COMMENT '外掛網址1',
  `url2` varchar(200) DEFAULT NULL COMMENT '外掛網址2',
  `create_date` timestamp NOT NULL DEFAULT current_timestamp() COMMENT '建立日期',
  `update_date` varchar(50) DEFAULT NULL COMMENT '修改日期'
) ENGINE=InnoDB DEFAULT CHARSET=utf8 COLLATE=utf8_unicode_ci;

--
-- 傾印資料表的資料 `multiselect`
--

INSERT INTO `multiselect` (`msid`, `mslevel`, `msuplink`, `opcode`, `msname`, `msort`, `url1`, `url2`, `create_date`, `update_date`) VALUES
(1, 1, 0, NULL, '付款方式', 0, NULL, NULL, '2023-08-11 09:46:53', '2023-08-17 03:42:28'),
(2, 1, 0, NULL, '訂單處理狀態', 0, NULL, NULL, '2023-08-11 09:52:29', '2023-08-17 03:42:41'),
(3, 2, 1, NULL, '貨到付款', 1, NULL, NULL, '2023-08-11 09:55:45', '2023-08-17 03:43:37'),
(4, 2, 1, NULL, '信用卡付款', 2, NULL, NULL, '2023-08-11 09:55:45', '2023-08-17 03:43:54'),
(5, 2, 1, NULL, '銀行轉帳', 3, NULL, NULL, '2023-08-11 09:55:45', '2023-08-17 03:44:37'),
(6, 2, 1, NULL, '電子支付', 4, NULL, NULL, '2023-08-11 09:55:45', '2023-08-17 03:44:51'),
(7, 2, 2, NULL, '處理中', 1, NULL, NULL, '2023-08-11 10:06:42', '2023-08-17 03:45:03'),
(8, 2, 2, NULL, '待出貨', 2, NULL, NULL, '2023-08-11 10:06:42', '2023-08-17 03:45:32'),
(9, 2, 2, NULL, '運送中', 3, NULL, NULL, '2023-08-11 10:06:42', '2023-08-17 03:45:45'),
(10, 2, 2, NULL, '收貨完成', 4, NULL, NULL, '2023-08-11 10:06:42', '2023-08-17 03:46:10'),
(11, 2, 2, NULL, '退貨中', 5, NULL, NULL, '2023-08-11 10:06:42', '2023-08-17 03:46:24'),
(12, 2, 2, NULL, '已關閉訂單', 6, NULL, NULL, '2023-08-11 10:06:42', '2023-08-17 03:46:35'),
(13, 2, 2, NULL, '無效訂單', 7, NULL, NULL, '2023-08-11 10:06:42', '2023-08-17 05:39:26'),
(14, 2, 2, NULL, '訂單確認', 8, NULL, NULL, '2023-08-18 06:13:47', '2023-10-23 12:37:36'),
(15, 2, 2, NULL, '平台出貨', 9, NULL, NULL, '2023-08-18 06:13:47', '2023-10-25 08:29:31'),
(34, 1, 0, NULL, '付款處理狀態', 0, NULL, NULL, '2023-08-11 09:52:29', '2023-08-17 03:42:41'),
(35, 2, 34, NULL, '侍貨到付款', 1, NULL, NULL, '2023-08-11 09:55:45', '2023-10-25 08:39:12'),
(36, 2, 34, NULL, '完成付款', 2, NULL, NULL, '2023-08-11 09:55:45', '2023-10-25 08:39:12'),
(37, 2, 34, NULL, '未完成付款', 3, NULL, NULL, '2023-08-11 09:55:45', '2023-10-25 08:39:12'),
(38, 2, 34, NULL, '貨到付款已完成', 4, NULL, NULL, '2023-08-11 09:55:45', '2023-10-25 08:39:12');

-- --------------------------------------------------------

--
-- 資料表結構 `product`
--

CREATE TABLE `product` (
  `p_id` int(4) NOT NULL,
  `classid` int(2) DEFAULT NULL,
  `p_name` varchar(27) DEFAULT NULL,
  `p_intro` varchar(201) DEFAULT NULL,
  `p_price` int(4) DEFAULT NULL,
  `p_open` int(1) DEFAULT NULL,
  `p_content` varchar(5289) DEFAULT NULL,
  `p_date` timestamp NOT NULL DEFAULT current_timestamp()
) ENGINE=InnoDB DEFAULT CHARSET=utf8 COLLATE=utf8_general_ci;

--
-- 傾印資料表的資料 `product`
--

INSERT INTO `product` (`p_id`, `classid`, `p_name`, `p_intro`, `p_price`, `p_open`, `p_content`, `p_date`) VALUES
(111, 11, 'Prime™菸鹼醯胺D-核糖複方凍', '', 1815, 1, '', '2026-03-21 15:37:56'),
(112, 11, '愛尚它®紅酒酒粕、藍莓、葡萄萃取精華粉末（含白藜蘆醇）', '', 1815, 1, '', '2026-03-21 15:37:56'),
(113, 11, '愛尚它®莓果配方粉末', '', 2825, 1, '', '2026-03-21 15:37:56'),
(114, 11, '紅藻精華軟膠囊食品(含蝦紅素)', '', 1620, 1, '', '2026-03-21 15:37:56'),
(115, 11, 'Curcuma™薑黃膠囊食品(含薑黃素)', '', 1775, 1, '', '2026-03-21 15:37:56'),
(121, 12, '易善™魚油含維生素E軟膠囊食品', '', 2095, 1, '', '2026-03-21 15:37:56'),
(122, 12, '黑種草籽油松樹皮萃取物複方膠囊食品', '', 2580, 1, '', '2026-03-21 15:37:56'),
(123, 12, 'VivoQuin™魚油加黑種草籽油複方膠囊食品', '', 2150, 1, '', '2026-03-21 15:37:56'),
(124, 12, '愛尚它®輔酵素Q10粉末', '', 2100, 1, '', '2026-03-21 15:37:56'),
(131, 13, '益生十菌錠狀食品', '', 1430, 1, '', '2026-03-21 15:37:56'),
(132, 13, '愛尚它®益生消化酵素粉末', '', 1330, 1, '', '2026-03-21 15:37:56'),
(133, 13, '愛尚它®鳳梨酵素粉末', '', 2240, 1, '', '2026-03-21 15:37:56'),
(134, 13, 'nutriclean®先進纖維粉', '', 1985, 1, '', '2026-03-21 15:37:56'),
(135, 13, 'Ultimate Aloe®蘆薈汁', '', 1120, 1, '', '2026-03-21 15:37:56'),
(141, 14, '愛尚它®葡萄籽、松樹皮、紅酒萃取精華粉末', '', 2800, 1, '', '2026-03-21 15:37:56'),
(142, 14, '愛尚它®倍護康配方粉末', '', 1605, 1, '', '2026-03-21 15:37:56'),
(143, 14, '愛尚它®維生素C粉末', '', 1215, 1, '', '2026-03-21 15:37:56'),
(151, 15, '愛尚它®適明配方粉末', '', 1530, 1, '', '2026-03-21 15:37:56'),
(152, 15, '愛尚它®固可寧粉末', '', 2940, 1, '', '2026-03-21 15:37:56'),
(153, 15, '愛尚它®孕婦綜合維生素粉末', '', 1925, 1, '', '2026-03-21 15:37:56'),
(154, 15, '愛尚它®綜合維生素粉末', '', 1880, 1, '', '2026-03-21 15:37:56'),
(155, 15, '愛尚它®每日精選組合隨身包', '', 2650, 1, '', '2026-03-21 15:37:56'),
(156, 15, '愛尚它®維生素D3 (含維生素K2)粉末', '', 995, 1, '', '2026-03-21 15:37:56'),
(211, 21, '全新生活™纖盈錠狀食品', '', 2635, 1, '', '2026-03-21 15:37:56'),
(212, 21, '全新生活™辣木葉複方錠狀食品', '', 1855, 1, '', '2026-03-21 15:37:56'),
(213, 21, '美安常青配方 汀蘭施®膠囊食品', '', 1295, 1, '', '2026-03-21 15:37:56'),
(214, 21, '愛尚它®樂活蔬果精華粉末', '', 1810, 1, '', '2026-03-21 15:37:56'),
(215, 21, '全新生活™非洲芒果茶飲', '', 1540, 1, '', '2026-03-21 15:37:56'),
(216, 21, '全新生活™非洲芒果咖啡', '', 1515, 1, '', '2026-03-21 15:37:56'),
(221, 22, '全新生活™窈調代謝膠囊食品', '', 2600, 1, '', '2026-03-21 15:37:56'),
(222, 22, '愛尚它®等滲鉻粉末', '', 1375, 1, '', '2026-03-21 15:37:56'),
(223, 22, '全新生活™綠咖啡豆熱鉻膠囊食品', '', 2075, 1, '', '2026-03-21 15:37:56'),
(231, 23, '愛尚它®複方維生素B粉末', '', 2055, 1, '', '2026-03-21 15:37:56'),
(232, 23, '全新生活™舒衡配方錠狀食品含南非醉茄根葉萃取物', '', 2450, 1, '', '2026-03-21 15:37:56'),
(233, 23, '愛尚它®等滲鈣粉末', '', 885, 1, '', '2026-03-21 15:37:56'),
(234, 23, '愛尚它®巴西莓配方粉末', '', 2045, 1, '', '2026-03-21 15:37:56'),
(235, 23, '利思捷Focus Now錠狀食品', '', 2275, 1, '', '2026-03-21 15:37:56'),
(241, 24, 'Tower+™電解質活力飲', '', 1765, 1, '', '2026-03-21 15:37:56'),
(242, 24, 'Prime™鎂力錠', '', 1050, 1, '', '2026-03-21 15:37:56'),
(243, 24, 'Tower+™舒緩修護鎂噴霧', '', 805, 1, '', '2026-03-21 15:37:56'),
(311, 31, '絲晶™深層潔膚乳', '', 825, 1, '', '2026-03-21 15:37:56'),
(312, 31, '絲晶™爽膚平衡化妝水', '', 770, 1, '', '2026-03-21 15:37:56'),
(313, 31, '若美芙™NAD青春霜', '', 2155, 1, '', '2026-03-21 15:37:56'),
(321, 32, '平泰秀®青春配方', '', 2965, 1, '', '2026-03-21 15:37:56'),
(322, 32, '愛的奇蹟™嬰兒安膚霜', '', 630, 1, '', '2026-03-21 15:37:56'),
(323, 32, '若美芙™極致亮白防曬乳SPF50', '', 2100, 1, '', '2026-03-21 15:37:56'),
(324, 32, 'Ultimate Aloe®蘆薈膠', '', 800, 1, '', '2026-03-21 15:37:56'),
(325, 32, '若美芙™長效潤澤護手身體霜', '', 1120, 1, '', '2026-03-21 15:37:56'),
(326, 32, '若美芙™長效潤澤護手身體霜 - 攜帶型', '', 445, 1, '', '2026-03-21 15:37:56'),
(411, 41, '購物年金™美安威淨Snap®蘆薈洗碗精', '', 355, 1, '', '2026-03-21 15:37:56'),
(412, 41, '購物年金™美安威淨Snap®洗衣易潔包 — 清新配方', '', 485, 1, '', '2026-03-21 15:37:56'),
(413, 41, '購物年金™美安威淨Snap®去味除漬噴霧 - 清新配方', '', 315, 1, '', '2026-03-21 15:37:56'),
(421, 42, '柔雅™甘菊洗髮精', '全素產品／免於殘酷方式製造／不含苯甲酸酯<br>\n富含洋甘菊、蘆薈、櫻桃樹皮等多種天然植物萃取精華，質地溫和的洗髮精，能洗淨附著於髮絲上的污垢。不像其他的洗髮精容易讓頭髮乾燥，本配方具有清潔、保濕的雙重功效，能幫助維持頭髮的水分平衡。柔雅™甘菊洗髮精的配方含有蘆薈、洋甘菊、金盞花等植物萃取精華，並添加泛醇及小麥蛋白，能滋潤、柔順髮絲。此外，柔雅™甘菊洗髮精能提升頭髮的自然光澤，使秀髮看起來豐盈柔亮。', 690, 1, '<div class=\"accordion-nav\"> <span id=\"product-details\" class=\"page-anchor\"></span> <h2 class=\"descriptions__title \">皇室般的頂級護理</h2> <h3 class=\"accordion-nav__trigger--hide margin-none\"> <button id=\"皇室般的頂級護理-header\" class=\"js-accordion-nav-button accordion-nav__trigger\" data-accordion-id=\"皇室般的頂級護理-id\" aria-expanded=\"false\"> <span class=\"accordion-nav__title\"> 皇室般的頂級護理 </span> <span class=\"js-material-icon material-icons\" data-accordion-id=\"皇室般的頂級護理-id\" aria-hidden=\"true\">expand_more</span> </button> </h3> <section id=\"皇室般的頂級護理-panel\" class=\"js-accordion-nav-panel descriptions__section \" data-accordion-id=\"皇室般的頂級護理-id\" aria-labelledby=\"皇室般的頂級護理-header\"> <div class=\"wrapper wrapper--large\"> <div class=\"descriptions-media__video\"> <iframe class=\"descriptions__video\" src=\"https://www.youtube.com/embed/ToKxV2PfaK8?rel=0\" title=\"皇室般的頂級護理 查看產品影片\" frameborder=\"0\" allowfullscreen=\"\"></iframe> </div> <div class=\"descriptions__text descriptions__text--full\"> <p></p> <p><sub></sub></p> </div> </div> </section> <h2 class=\"descriptions__title \">詳細資料</h2> <h3 class=\"accordion-nav__trigger--hide margin-none\"> <button id=\"詳細資料-header\" class=\"js-accordion-nav-button accordion-nav__trigger\" data-accordion-id=\"詳細資料-id\" aria-expanded=\"false\"> <span class=\"accordion-nav__title\"> 詳細資料 </span> <span class=\"js-material-icon material-icons\" data-accordion-id=\"詳細資料-id\" aria-hidden=\"true\">expand_more</span> </button> </h3> <section id=\"詳細資料-panel\" class=\"js-accordion-nav-panel descriptions__section \" data-accordion-id=\"詳細資料-id\" aria-labelledby=\"詳細資料-header\"> <div class=\"wrapper wrapper--large\"> <div class=\"descriptions__text descriptions__text--full\"> <p></p><p>富含洋甘菊、蘆薈、櫻桃樹皮等多種天然植物萃取精華，質地溫和的洗髮精，能洗淨附著於髮絲上的污垢。不像其他的洗髮精容易讓頭髮乾燥，本配方具有清潔、保濕的雙重功效，能幫助維持頭髮的水分平衡。柔雅™甘菊洗髮精的配方含有蘆薈、洋甘菊、金盞花等植物萃取精華，並添加泛醇及小麥蛋白，能滋潤、柔順髮絲。此外，柔雅™甘菊洗髮精能提升頭髮的自然光澤，使秀髮看起來豐盈柔亮。<br></p> <p> </p><p></p> </div> </div> </section> <h2 class=\"descriptions__title \">益處</h2> <h3 class=\"accordion-nav__trigger--hide margin-none\"> <button id=\"益處-header\" class=\"js-accordion-nav-button accordion-nav__trigger\" data-accordion-id=\"益處-id\" aria-expanded=\"false\"> <span class=\"accordion-nav__title\"> 益處 </span> <span class=\"js-material-icon material-icons\" data-accordion-id=\"益處-id\" aria-hidden=\"true\">expand_more</span> </button> </h3> <section id=\"益處-panel\" class=\"js-accordion-nav-panel descriptions__section \" data-accordion-id=\"益處-id\" aria-labelledby=\"益處-header\"> <div class=\"wrapper wrapper--large\"> <div class=\"descriptions__text descriptions__text--full\"> <p></p><ul><li>適於每天使用、配方溫和的純淨洗髮精</li><li>溫和洗淨附著於髮絲上的污垢，不會使秀髮失去自身的水分平衡</li><li>富含甘菊、蘆薈、櫻桃樹皮、犬番瀉葉萃取和金盞花植物萃取精華</li><li>維護頭髮健康，回復自然光澤</li><li>經常使用可使秀髮看起來豐盈柔亮，易於梳理和造型</li><li>使秀髮呈現自然健康的光澤</li></ul><p></p> </div> </div> </section> <h2 class=\"descriptions__title \">主要成分</h2> <h3 class=\"accordion-nav__trigger--hide margin-none\"> <button id=\"主要成分-header\" class=\"js-accordion-nav-button accordion-nav__trigger\" data-accordion-id=\"主要成分-id\" aria-expanded=\"false\"> <span class=\"accordion-nav__title\"> 主要成分 </span> <span class=\"js-material-icon material-icons\" data-accordion-id=\"主要成分-id\" aria-hidden=\"true\">expand_more</span> </button> </h3> <section id=\"主要成分-panel\" class=\"js-accordion-nav-panel descriptions__section \" data-accordion-id=\"主要成分-id\" aria-labelledby=\"主要成分-header\"> <div class=\"wrapper wrapper--large\"> <div class=\"descriptions__text descriptions__text--full\"> <p></p><div><strong>庫拉索蘆薈葉汁萃取(Aloe Barbadensis (Aloe Vera) Leaf Juice)</strong></div><div>蘆薈富含酵素、氨基酸和植物化合物等滋潤成分，有助秀髮綻顯活力、健康、柔順易整理。</div><div><br></div><div><strong>洋甘菊花萃取(Chamomilla Recutita (Matricaria) Flower Extract)</strong></div><div>具有舒緩與鎮靜的特性，能提升自然光澤，使髮絲健康、柔亮。洋甘菊萃取物最適合敏感性頭皮。</div><div><br></div><div>泛<strong>醇（維生素原B5）(Panthenol(Pro-vitamin B5))</strong></div><div>能吸附水分並滲透髮幹，有助於滋潤乾燥、受損髮絲，避免分叉及平滑角質層，幫助秀髮更顯豐盈。</div><div><br></div><div><strong>植烷三醇(Phytantriol™)</strong></div><div>具有滋潤與保護膜的作用，與泛醇協同作用可達到卓越保濕的功效。</div><div><br></div><div><strong>水解小麥蛋白(Hydrolyzed Wheat Protein)</strong></div><div>水解小麥蛋白是從全麥取出的蛋白質，可幫助保濕與潤澤。它能增加頭髮的含水量，修復受損、毛燥髮絲，恢復健康亮澤。由於水解小麥蛋白的小分子量，它容易滲入髮幹，進而吸收和保留水分，減少毛躁，提升髮量豐盈感，使秀髮柔順、亮澤、好整理。</div><p></p> </div> </div> </section> <h2 class=\"descriptions__title \">常見問題</h2> <h3 class=\"accordion-nav__trigger--hide margin-none\"> <button id=\"常見問題-header\" class=\"js-accordion-nav-button accordion-nav__trigger\" data-accordion-id=\"常見問題-id\" aria-expanded=\"false\"> <span class=\"accordion-nav__title\"> 常見問題 </span> <span class=\"js-material-icon material-icons\" data-accordion-id=\"常見問題-id\" aria-hidden=\"true\">expand_more</span> </button> </h3> <section id=\"常見問題-panel\" class=\"js-accordion-nav-panel descriptions__section \" data-accordion-id=\"常見問題-id\" aria-labelledby=\"常見問題-header\"> <div class=\"wrapper wrapper--large\"> <div class=\"descriptions__text descriptions__text--full\"> <p></p><div><strong>如何使用柔雅™甘菊洗髮精？</strong></div><div>取少量甘菊洗髮精於濕髮上，輕輕按摩至起泡沫，徹底沖洗乾淨，可按需要重複以上步驟。</div><div><br></div><div><strong>本產品適合與哪些柔雅™產品搭配使用？</strong></div><div>使用本產品後，建議使用柔雅™蛋白質護髮乳。這兩款產品搭配使用，可提升髮絲清潔、滋養及保濕效果，讓秀髮呈現美麗光澤。</div><div><br></div><div><strong>這款產品會改變我的髮色嗎？</strong></div><div>不會的。柔雅™甘菊洗髮精能增加您頭髮的自然光澤，但不會改變您的髮色。</div><div><br></div><div><strong>此產品適合每天使用嗎？</strong></div><div>是的！事實上，我們建議每天使用！</div><div><br></div><div><strong>此產品是否經過動物測試？</strong></div><div>柔雅™系列產品都不經過動物測試。</div><p></p> </div> </div> </section> ', '2026-03-21 15:37:56'),
(422, 42, 'Fixx™沛絲', '', 1905, 1, '', '2026-03-21 15:37:56'),
(1321, 13, '愛尚它®益生消化酵素粉末 - 隨身包', '', 1015, 1, '', '2026-03-21 15:37:56'),
(1411, 14, 'OPC-3® 雙層Q心嚼粒', '', 1300, 1, '', '2026-03-21 15:37:56');

-- --------------------------------------------------------

--
-- 資料表結構 `product_img`
--

CREATE TABLE `product_img` (
  `img_id` int(2) NOT NULL,
  `p_id` int(4) DEFAULT NULL,
  `img_file` varchar(17) DEFAULT NULL,
  `sort` int(1) DEFAULT NULL,
  `date/time` timestamp NOT NULL DEFAULT current_timestamp()
) ENGINE=InnoDB DEFAULT CHARSET=utf8 COLLATE=utf8_general_ci;

--
-- 傾印資料表的資料 `product_img`
--

INSERT INTO `product_img` (`img_id`, `p_id`, `img_file`, `sort`, `date/time`) VALUES
(1, 111, '111-NAD.png', 1, '2026-03-20 14:33:06'),
(2, 112, '112-白藜蘆醇.png', 1, '2026-03-20 14:33:06'),
(3, 113, '113-莓果.png', 1, '2026-03-20 14:33:06'),
(4, 114, '114-蝦紅素.png', 1, '2026-03-20 14:33:06'),
(5, 115, '115-薑黃素.png', 1, '2026-03-20 14:33:06'),
(6, 121, '121-魚油.png', 1, '2026-03-20 14:33:06'),
(7, 122, '122-黑種草籽油.png', 1, '2026-03-20 14:33:06'),
(8, 123, '123-VivoQuin.png', 1, '2026-03-20 14:33:06'),
(9, 124, '124-輔酶 Q10.png', 1, '2026-03-20 14:33:06'),
(10, 131, '131-益生菌.png', 1, '2026-03-20 14:33:06'),
(11, 132, '132-消化酵素.png', 1, '2026-03-20 14:33:06'),
(12, 1321, '1321-消化酵素隨身包.png', 1, '2026-03-20 14:33:06'),
(13, 133, '133-鳳梨酵素.png', 1, '2026-03-20 14:33:06'),
(14, 134, '134-纖維粉.png', 1, '2026-03-20 14:33:06'),
(15, 135, '135-蘆薈汁(三種口味).png', 1, '2026-03-20 14:33:06'),
(16, 141, '141-OPC.png', 1, '2026-03-20 14:33:06'),
(17, 1411, '1411-OPC軟糖.png', 1, '2026-03-20 14:33:06'),
(18, 142, '142-倍護康.png', 1, '2026-03-20 14:33:06'),
(19, 143, '143-維生素C.png', 1, '2026-03-20 14:33:06'),
(20, 151, '151-適明.png', 1, '2026-03-20 14:33:06'),
(21, 152, '152-固可寧.png', 1, '2026-03-20 14:33:06'),
(22, 153, '153-孕維.png', 1, '2026-03-20 14:33:06'),
(23, 154, '154-綜維.png', 1, '2026-03-20 14:33:06'),
(24, 155, '155-每日精選.png', 1, '2026-03-20 14:33:06'),
(25, 156, '156-維生素D3.png', 1, '2026-03-20 14:33:06'),
(26, 211, '211-纖盈.png', 1, '2026-03-20 14:33:06'),
(27, 212, '212-辣木葉.png', 1, '2026-03-20 14:33:06'),
(28, 213, '213-常青.png', 1, '2026-03-20 14:33:06'),
(29, 214, '214-蔬果精華.png', 1, '2026-03-20 14:33:06'),
(30, 215, '215-非洲芒果茶.png', 1, '2026-03-20 14:33:06'),
(31, 216, '216-非洲芒果咖啡.png', 1, '2026-03-20 14:33:06'),
(32, 221, '221-GLP.png', 1, '2026-03-20 14:33:06'),
(33, 222, '222-等滲鉻飲.png', 1, '2026-03-20 14:33:06'),
(34, 223, '223-熱鉻錠.png', 1, '2026-03-20 14:33:06'),
(35, 231, '231-維生素B.png', 1, '2026-03-20 14:33:06'),
(36, 232, '232-舒衡.png', 1, '2026-03-20 14:33:06'),
(37, 233, '233-鈣.png', 1, '2026-03-20 14:33:06'),
(38, 234, '234-巴西莓.png', 1, '2026-03-20 14:33:06'),
(39, 235, '235-利思捷.png', 1, '2026-03-20 14:33:06'),
(40, 241, '241-電解飲.png', 1, '2026-03-20 14:33:06'),
(41, 242, '242-鎂力錠.png', 1, '2026-03-20 14:33:06'),
(42, 243, '243-鎂噴霧.png', 1, '2026-03-20 14:33:06'),
(43, 311, '311-洗面乳.png', 1, '2026-03-20 14:33:06'),
(44, 312, '312-化妝水.png', 1, '2026-03-20 14:33:06'),
(45, 313, '313-NAD青春霜.png', 1, '2026-03-20 14:33:06'),
(46, 321, '321-平泰秀.png', 1, '2026-03-20 14:33:06'),
(47, 322, '322-安膚霜.png', 1, '2026-03-20 14:33:06'),
(48, 323, '323-防曬乳.png', 1, '2026-03-20 14:33:06'),
(49, 324, '324-蘆薈膠.png', 1, '2026-03-20 14:33:06'),
(50, 325, '325-身體乳.png', 1, '2026-03-20 14:33:06'),
(51, 326, '326-護手霜.png', 1, '2026-03-20 14:33:06'),
(52, 411, '411-蘆薈洗碗精.png', 1, '2026-03-20 14:33:06'),
(53, 412, '412-洗衣膠囊.png', 1, '2026-03-20 14:33:06'),
(54, 413, '413-威淨噴霧.png', 1, '2026-03-20 14:33:06'),
(55, 421, '421-甘菊洗髮精.png', 1, '2026-03-20 14:33:06'),
(56, 422, '422-FIXX沛絲.png', 1, '2026-03-20 14:33:06'),
(57, 242, '242-鎂力錠1.png', 2, '2026-03-20 14:33:06'),
(58, 242, '242-鎂力錠2.png', 3, '2026-03-20 14:33:06'),
(59, 242, '242-鎂力錠3.png', 4, '2026-03-20 14:33:06'),
(60, 242, '242-鎂力錠4.png', 5, '2026-03-20 14:33:06'),
(61, 243, '243-鎂噴霧1.png', 2, '2026-03-20 14:33:06'),
(62, 243, '243-鎂噴霧2.png', 3, '2026-03-20 14:33:06'),
(63, 243, '243-鎂噴霧3.png', 4, '2026-03-20 14:33:06'),
(64, 243, '243-鎂噴霧4.png', 5, '2026-03-20 14:33:06'),
(65, 321, '321-平泰秀1.png', 2, '2026-03-20 14:33:06'),
(66, 321, '321-平泰秀2.png', 3, '2026-03-20 14:33:06'),
(67, 321, '321-平泰秀4.png', 4, '2026-03-20 14:33:06'),
(68, 321, '321-平泰秀4.png', 5, '2026-03-20 14:33:06'),
(69, 1411, '1411-OPC軟糖1.png', 2, '2026-03-20 14:33:06'),
(70, 1411, '1411-OPC軟糖2.png', 3, '2026-03-20 14:33:06'),
(71, 1411, '1411-OPC軟糖3.png', 4, '2026-03-20 14:33:06'),
(72, 1411, '1411-OPC軟糖4.png', 5, '2026-03-20 14:33:06'),
(73, 1411, '1411-OPC軟糖5.png', 6, '2026-03-20 14:33:06');

-- --------------------------------------------------------

--
-- 資料表結構 `pyclass`
--

CREATE TABLE `pyclass` (
  `classid` int(2) NOT NULL,
  `level` int(1) DEFAULT NULL,
  `fonticon` varchar(15) DEFAULT NULL,
  `cname` varchar(17) DEFAULT NULL,
  `sort` int(1) DEFAULT NULL,
  `uplink` int(1) DEFAULT NULL,
  `date/time` timestamp NOT NULL DEFAULT current_timestamp()
) ENGINE=InnoDB DEFAULT CHARSET=utf8 COLLATE=utf8_general_ci;

--
-- 傾印資料表的資料 `pyclass`
--

INSERT INTO `pyclass` (`classid`, `level`, `fonticon`, `cname`, `sort`, `uplink`, `date/time`) VALUES
(1, 1, 'fa-leaf', '健康維護', 1, 0, '2026-03-20 14:32:02'),
(2, 1, 'fa-weight-scale', '窈窕健身', 2, 0, '2026-03-20 14:32:02'),
(3, 1, 'fa-feather', '美容養護', 3, 0, '2026-03-20 14:32:02'),
(4, 1, 'fa-house', '居家生活', 4, 0, '2026-03-20 14:32:02'),
(11, 2, 'fa-leaf', '抗氧化 / 抗發炎', 1, 1, '2026-03-20 14:32:02'),
(12, 2, 'fa-leaf', '心血管 / 血脂健康', 2, 1, '2026-03-20 14:32:02'),
(13, 2, 'fa-leaf', '腸道 / 消化系統', 3, 1, '2026-03-20 14:32:02'),
(14, 2, 'fa-leaf', '免疫 / 抗過敏', 4, 1, '2026-03-20 14:32:02'),
(15, 2, 'fa-leaf', '基礎修復 / 綜合營養', 5, 1, '2026-03-20 14:32:02'),
(21, 2, 'fa-weight-scale', '瘦身 / 燃脂 / 體內環保', 1, 2, '2026-03-20 14:32:02'),
(22, 2, 'fa-weight-scale', '代謝 / 血糖 / 體重管理', 2, 2, '2026-03-20 14:32:02'),
(23, 2, 'fa-weight-scale', '能量 / 抗疲勞 / 思緒保健', 3, 2, '2026-03-20 14:32:02'),
(24, 2, 'fa-weight-scale', '運動營養補充 / 修護', 4, 2, '2026-03-20 14:32:02'),
(31, 2, 'fa-feather', '美容 / 彩妝 / 青春逆齡', 1, 3, '2026-03-20 14:32:02'),
(32, 2, 'fa-feather', '美肌 / 防曬 / 消痕淡疤', 2, 3, '2026-03-20 14:32:02'),
(41, 2, 'fa-house', '清潔用品 / 洗碗精 / 洗衣膠囊', 1, 4, '2026-03-20 14:32:02'),
(42, 2, 'fa-house', '日常盥洗 / 洗髮精 / 頭皮保養', 2, 4, '2026-03-20 14:32:02');

-- --------------------------------------------------------

--
-- 資料表結構 `town`
--

CREATE TABLE `town` (
  `townNo` bigint(20) NOT NULL COMMENT '鄕鎮市編號',
  `Name` varchar(150) NOT NULL COMMENT '鄕鎮市名稱',
  `Post` varchar(10) NOT NULL COMMENT '郵遞區號',
  `State` smallint(6) NOT NULL COMMENT '狀態',
  `AutoNo` int(10) NOT NULL COMMENT '上層城市編號連結'
) ENGINE=MyISAM DEFAULT CHARSET=utf8 COLLATE=utf8_unicode_ci;

--
-- 傾印資料表的資料 `town`
--

INSERT INTO `town` (`townNo`, `Name`, `Post`, `State`, `AutoNo`) VALUES
(1, '中正區', '100', 0, 1),
(2, '大同區', '103', 0, 1),
(3, '中山區', '104', 0, 1),
(4, '松山區', '105', 0, 1),
(5, '大安區', '106', 0, 1),
(6, '萬華區', '108', 0, 1),
(7, '信義區', '110', 0, 1),
(8, '士林區', '111', 0, 1),
(9, '北投區', '112', 0, 1),
(10, '內湖區', '114', 0, 1),
(11, '南港區', '115', 0, 1),
(12, '文山區', '116', 0, 1),
(13, '仁愛區', '200', 0, 2),
(14, '信義區', '201', 0, 2),
(15, '中正區', '202', 0, 2),
(16, '中山區', '203', 0, 2),
(17, '安樂區', '204', 0, 2),
(18, '暖暖區', '205', 0, 2),
(19, '七堵區', '206', 0, 2),
(20, '萬里區', '207', 0, 3),
(21, '金山區', '208', 0, 3),
(22, '板橋區', '220', 0, 3),
(23, '汐止區', '221', 0, 3),
(24, '深坑區', '222', 0, 3),
(25, '石碇區', '223', 0, 3),
(26, '瑞芳區', '224', 0, 3),
(27, '平溪區', '226', 0, 3),
(28, '雙溪區', '227', 0, 3),
(29, '貢寮區', '228', 0, 3),
(30, '新店區', '231', 0, 3),
(31, '坪林區', '232', 0, 3),
(32, '烏來區', '233', 0, 3),
(33, '永和區', '234', 0, 3),
(34, '中和區', '235', 0, 3),
(35, '土城區', '236', 0, 3),
(36, '三峽區', '237', 0, 3),
(37, '樹林區', '238', 0, 3),
(38, '鶯歌區', '239', 0, 3),
(39, '三重區', '241', 0, 3),
(40, '新莊區', '242', 0, 3),
(41, '泰山區', '243', 0, 3),
(42, '林口區', '244', 0, 3),
(43, '蘆洲區', '247', 0, 3),
(44, '五股區', '248', 0, 3),
(45, '八里區', '249', 0, 3),
(46, '淡水區', '251', 0, 3),
(47, '三芝區', '252', 0, 3),
(48, '石門區', '253', 0, 3),
(49, '宜蘭市', '260', 0, 4),
(50, '頭城鎮', '261', 0, 4),
(51, '礁溪鄉', '262', 0, 4),
(52, '壯圍鄉', '263', 0, 4),
(53, '員山鄉', '264', 0, 4),
(54, '羅東鎮', '265', 0, 4),
(55, '三星鄉', '266', 0, 4),
(56, '大同鄉', '267', 0, 4),
(57, '五結鄉', '268', 0, 4),
(58, '冬山鄉', '269', 0, 4),
(59, '蘇澳鎮', '270', 0, 4),
(60, '南澳鄉', '272', 0, 4),
(61, '釣魚台列嶼', '290', 0, 4),
(62, '新竹市(東區)', '300', 0, 5),
(63, '竹北市', '302', 0, 6),
(64, '湖口鄉', '303', 0, 6),
(65, '新豐鄉', '304', 0, 6),
(66, '新埔鎮', '305', 0, 6),
(67, '關西鎮', '306', 0, 6),
(68, '芎林鄉', '307', 0, 6),
(69, '寶山鄉', '308', 0, 6),
(70, '竹東鎮', '310', 0, 6),
(71, '五峰鄉', '311', 0, 6),
(72, '橫山鄉', '312', 0, 6),
(73, '尖石鄉', '313', 0, 6),
(74, '北埔鄉', '314', 0, 6),
(75, '峨眉鄉', '315', 0, 6),
(76, '中壢區', '320', 0, 7),
(77, '平鎮區', '324', 0, 7),
(78, '龍潭區', '325', 0, 7),
(79, '楊梅區', '326', 0, 7),
(80, '新屋區', '327', 0, 7),
(81, '觀音區', '328', 0, 7),
(82, '桃園區', '330', 0, 7),
(83, '龜山區', '333', 0, 7),
(84, '八德區', '334', 0, 7),
(85, '大溪區', '335', 0, 7),
(86, '復興區', '336', 0, 7),
(87, '大園區', '337', 0, 7),
(88, '蘆竹區', '338', 0, 7),
(89, '竹南鎮', '350', 0, 8),
(90, '頭份市', '351', 0, 8),
(91, '三灣鄉', '352', 0, 8),
(92, '南庄鄉', '353', 0, 8),
(93, '獅潭鄉', '354', 0, 8),
(94, '後龍鎮', '356', 0, 8),
(95, '通霄鎮', '357', 0, 8),
(96, '苑裡鎮', '358', 0, 8),
(97, '苗栗市', '360', 0, 8),
(98, '造橋鄉', '361', 0, 8),
(99, '頭屋鄉', '362', 0, 8),
(100, '公館鄉', '363', 0, 8),
(101, '大湖鄉', '364', 0, 8),
(102, '泰安鄉', '365', 0, 8),
(103, '銅鑼鄉', '366', 0, 8),
(104, '三義鄉', '367', 0, 8),
(105, '西湖鄉', '368', 0, 8),
(106, '卓蘭鎮', '369', 0, 8),
(107, '中區', '400', 0, 9),
(108, '東區', '401', 0, 9),
(109, '南區', '402', 0, 9),
(110, '西區', '403', 0, 9),
(111, '北區', '404', 0, 9),
(112, '北屯區', '406', 0, 9),
(113, '西屯區', '407', 0, 9),
(114, '南屯區', '408', 0, 9),
(115, '太平區', '411', 0, 9),
(116, '大里區', '412', 0, 9),
(117, '霧峰區', '413', 0, 9),
(118, '烏日區', '414', 0, 9),
(119, '豐原區', '420', 0, 9),
(120, '后里區', '421', 0, 9),
(121, '石岡區', '422', 0, 9),
(122, '東勢區', '423', 0, 9),
(123, '和平區', '424', 0, 9),
(124, '新社區', '426', 0, 9),
(125, '潭子區', '427', 0, 9),
(126, '大雅區', '428', 0, 9),
(127, '神岡區', '429', 0, 9),
(128, '大肚區', '432', 0, 9),
(129, '沙鹿區', '433', 0, 9),
(130, '龍井區', '434', 0, 9),
(131, '梧棲區', '435', 0, 9),
(132, '清水區', '436', 0, 9),
(133, '大甲區', '437', 0, 9),
(134, '外埔區', '438', 0, 9),
(135, '大安區', '439', 0, 9),
(136, '彰化市', '500', 0, 10),
(137, '芬園鄉', '502', 0, 10),
(138, '花壇鄉', '503', 0, 10),
(139, '秀水鄉', '504', 0, 10),
(140, '鹿港鎮', '505', 0, 10),
(141, '福興鄉', '506', 0, 10),
(142, '線西鄉', '507', 0, 10),
(143, '和美鎮', '508', 0, 10),
(144, '伸港鄉', '509', 0, 10),
(145, '員林市', '510', 0, 10),
(146, '社頭鄉', '511', 0, 10),
(147, '永靖鄉', '512', 0, 10),
(148, '埔心鄉', '513', 0, 10),
(149, '溪湖鎮', '514', 0, 10),
(150, '大村鄉', '515', 0, 10),
(151, '埔鹽鄉', '516', 0, 10),
(152, '田中鎮', '520', 0, 10),
(153, '北斗鎮', '521', 0, 10),
(154, '田尾鄉', '522', 0, 10),
(155, '埤頭鄉', '523', 0, 10),
(156, '溪州鄉', '524', 0, 10),
(157, '竹塘鄉', '525', 0, 10),
(158, '二林鎮', '526', 0, 10),
(159, '大城鄉', '527', 0, 10),
(160, '芳苑鄉', '528', 0, 10),
(161, '二水鄉', '530', 0, 10),
(162, '南投市', '540', 0, 11),
(163, '中寮鄉', '541', 0, 11),
(164, '草屯鎮', '542', 0, 11),
(165, '國姓鄉', '544', 0, 11),
(166, '埔里鎮', '545', 0, 11),
(167, '仁愛鄉', '546', 0, 11),
(168, '名間鄉', '551', 0, 11),
(169, '集集鎮', '552', 0, 11),
(170, '水里鄉', '553', 0, 11),
(171, '魚池鄉', '555', 0, 11),
(172, '信義鄉', '556', 0, 11),
(173, '竹山鎮', '557', 0, 11),
(174, '鹿谷鄉', '558', 0, 11),
(175, '斗南鎮', '630', 0, 12),
(176, '大埤鄉', '631', 0, 12),
(177, '虎尾鎮', '632', 0, 12),
(178, '土庫鎮', '633', 0, 12),
(179, '褒忠鄉', '634', 0, 12),
(180, '東勢鄉', '635', 0, 12),
(181, '臺西鄉', '636', 0, 12),
(182, '崙背鄉', '637', 0, 12),
(183, '麥寮鄉', '638', 0, 12),
(184, '斗六市', '640', 0, 12),
(185, '林內鄉', '643', 0, 12),
(186, '古坑鄉', '646', 0, 12),
(187, '莿桐鄉', '647', 0, 12),
(188, '西螺鎮', '648', 0, 12),
(189, '二崙鄉', '649', 0, 12),
(190, '北港鎮', '651', 0, 12),
(191, '水林鄉', '652', 0, 12),
(192, '口湖鄉', '653', 0, 12),
(193, '四湖鄉', '654', 0, 12),
(194, '元長鄉', '655', 0, 12),
(195, '嘉義市(東區)', '600', 0, 13),
(196, '番路鄉', '602', 0, 14),
(197, '梅山鄉', '603', 0, 14),
(198, '竹崎鄉', '604', 0, 14),
(199, '阿里山鄉', '605', 0, 14),
(200, '中埔鄉', '606', 0, 14),
(201, '大埔鄉', '607', 0, 14),
(202, '水上鄉', '608', 0, 14),
(203, '鹿草鄉', '611', 0, 14),
(204, '太保市', '612', 0, 14),
(205, '朴子市', '613', 0, 14),
(206, '東石鄉', '614', 0, 14),
(207, '六腳鄉', '615', 0, 14),
(208, '新港鄉', '616', 0, 14),
(209, '民雄鄉', '621', 0, 14),
(210, '大林鎮', '622', 0, 14),
(211, '溪口鄉', '623', 0, 14),
(212, '義竹鄉', '624', 0, 14),
(213, '布袋鎮', '625', 0, 14),
(214, '中西區', '700', 0, 15),
(215, '東區', '701', 0, 15),
(216, '南區', '702', 0, 15),
(217, '北區', '704', 0, 15),
(218, '安平區', '708', 0, 15),
(219, '安南區', '709', 0, 15),
(220, '永康區', '710', 0, 15),
(221, '歸仁區', '711', 0, 15),
(222, '新化區', '712', 0, 15),
(223, '左鎮區', '713', 0, 15),
(224, '玉井區', '714', 0, 15),
(225, '楠西區', '715', 0, 15),
(226, '南化區', '716', 0, 15),
(227, '仁德區', '717', 0, 15),
(228, '關廟區', '718', 0, 15),
(229, '龍崎區', '719', 0, 15),
(230, '官田區', '720', 0, 15),
(231, '麻豆區', '721', 0, 15),
(232, '佳里區', '722', 0, 15),
(233, '西港區', '723', 0, 15),
(234, '七股區', '724', 0, 15),
(235, '將軍區', '725', 0, 15),
(236, '學甲區', '726', 0, 15),
(237, '北門區', '727', 0, 15),
(238, '新營區', '730', 0, 15),
(239, '後壁區', '731', 0, 15),
(240, '白河區', '732', 0, 15),
(241, '東山區', '733', 0, 15),
(242, '六甲區', '734', 0, 15),
(243, '下營區', '735', 0, 15),
(244, '柳營區', '736', 0, 15),
(245, '鹽水區', '737', 0, 15),
(246, '善化區', '741', 0, 15),
(247, '大內區', '742', 0, 15),
(248, '山上區', '743', 0, 15),
(249, '新市區', '744', 0, 15),
(250, '安定區', '745', 0, 15),
(251, '新興區', '800', 0, 16),
(252, '前金區', '801', 0, 16),
(253, '苓雅區', '802', 0, 16),
(254, '鹽埕區', '803', 0, 16),
(255, '鼓山區', '804', 0, 16),
(256, '旗津區', '805', 0, 16),
(257, '前鎮區', '806', 0, 16),
(258, '三民區', '807', 0, 16),
(259, '楠梓區', '811', 0, 16),
(260, '小港區', '812', 0, 16),
(261, '左營區', '813', 0, 16),
(262, '仁武區', '814', 0, 16),
(263, '大社區', '815', 0, 16),
(264, '岡山區', '820', 0, 16),
(265, '路竹區', '821', 0, 16),
(266, '阿蓮區', '822', 0, 16),
(267, '田寮區', '823', 0, 16),
(268, '燕巢區', '824', 0, 16),
(269, '橋頭區', '825', 0, 16),
(270, '梓官區', '826', 0, 16),
(271, '彌陀區', '827', 0, 16),
(272, '永安區', '828', 0, 16),
(273, '湖內區', '829', 0, 16),
(274, '鳳山區', '830', 0, 16),
(275, '大寮區', '831', 0, 16),
(276, '林園區', '832', 0, 16),
(277, '鳥松區', '833', 0, 16),
(278, '大樹區', '840', 0, 16),
(279, '旗山區', '842', 0, 16),
(280, '美濃區', '843', 0, 16),
(281, '六龜區', '844', 0, 16),
(282, '內門區', '845', 0, 16),
(283, '杉林區', '846', 0, 16),
(284, '甲仙區', '847', 0, 16),
(285, '桃源區', '848', 0, 16),
(286, '那瑪夏區', '849', 0, 16),
(287, '茂林區', '851', 0, 16),
(288, '茄萣區', '852', 0, 16),
(289, '東沙', '817', 0, 17),
(290, '南沙', '819', 0, 17),
(291, '馬公市', '880', 0, 18),
(292, '西嶼鄉', '881', 0, 18),
(293, '望安鄉', '882', 0, 18),
(294, '七美鄉', '883', 0, 18),
(295, '白沙鄉', '884', 0, 18),
(296, '湖西鄉', '885', 0, 18),
(297, '屏東市', '900', 0, 19),
(298, '三地門鄉', '901', 0, 19),
(299, '霧臺鄉', '902', 0, 19),
(300, '瑪家鄉', '903', 0, 19),
(301, '九如鄉', '904', 0, 19),
(302, '里港鄉', '905', 0, 19),
(303, '高樹鄉', '906', 0, 19),
(304, '鹽埔鄉', '907', 0, 19),
(305, '長治鄉', '908', 0, 19),
(306, '麟洛鄉', '909', 0, 19),
(307, '竹田鄉', '911', 0, 19),
(308, '內埔鄉', '912', 0, 19),
(309, '萬丹鄉', '913', 0, 19),
(310, '潮州鎮', '920', 0, 19),
(311, '泰武鄉', '921', 0, 19),
(312, '來義鄉', '922', 0, 19),
(313, '萬巒鄉', '923', 0, 19),
(314, '崁頂鄉', '924', 0, 19),
(315, '新埤鄉', '925', 0, 19),
(316, '南州鄉', '926', 0, 19),
(317, '林邊鄉', '927', 0, 19),
(318, '東港鄉', '928', 0, 19),
(319, '琉球鄉', '929', 0, 19),
(320, '佳冬鄉', '931', 0, 19),
(321, '新園鄉', '932', 0, 19),
(322, '枋寮鄉', '940', 0, 19),
(323, '枋山鄉', '941', 0, 19),
(324, '春日鄉', '942', 0, 19),
(325, '獅子鄉', '943', 0, 19),
(326, '車城鄉', '944', 0, 19),
(327, '牡丹鄉', '945', 0, 19),
(328, '恆春鎮', '946', 0, 19),
(329, '滿州鄉', '947', 0, 19),
(330, '臺東市', '950', 0, 20),
(331, '綠島鄉', '951', 0, 20),
(332, '蘭嶼鄉', '952', 0, 20),
(333, '延平鄉', '953', 0, 20),
(334, '卑南鄉', '954', 0, 20),
(335, '鹿野鄉', '955', 0, 20),
(336, '關山鎮', '956', 0, 20),
(337, '海端鄉', '957', 0, 20),
(338, '池上鄉', '958', 0, 20),
(339, '東河鄉', '959', 0, 20),
(340, '成功鎮', '961', 0, 20),
(341, '長濱鄉', '962', 0, 20),
(342, '太麻里鄉', '963', 0, 20),
(343, '金峰鄉', '964', 0, 20),
(344, '大武鄉', '965', 0, 20),
(345, '達仁鄉', '966', 0, 20),
(346, '花蓮市', '970', 0, 21),
(347, '新城鄉', '971', 0, 21),
(348, '秀林鄉', '972', 0, 21),
(349, '吉安鄉', '973', 0, 21),
(350, '壽豐鄉', '974', 0, 21),
(351, '鳳林鎮', '975', 0, 21),
(352, '光復鄉', '976', 0, 21),
(353, '豐濱鄉', '977', 0, 21),
(354, '瑞穗鄉', '978', 0, 21),
(355, '萬榮鄉', '979', 0, 21),
(356, '玉里鎮', '981', 0, 21),
(357, '卓溪鄉', '982', 0, 21),
(358, '富里鄉', '983', 0, 21),
(359, '金沙鎮', '890', 0, 22),
(360, '金湖鎮', '891', 0, 22),
(361, '金寧鄉', '892', 0, 22),
(362, '金城鎮', '893', 0, 22),
(363, '烈嶼鄉', '894', 0, 22),
(364, '烏坵鄉', '896', 0, 22),
(365, '南竿鄉', '209', 0, 23),
(366, '北竿鄉', '210', 0, 23),
(367, '莒光鄉', '211', 0, 23),
(368, '東引鄉', '212', 0, 23),
(371, '新竹市(北區)', '300', 0, 5),
(372, '新竹市(香山區)', '300', 0, 5),
(373, '嘉義市(西區)', '600', 0, 13);

-- --------------------------------------------------------

--
-- 資料表結構 `uorder`
--

CREATE TABLE `uorder` (
  `orderid` varchar(30) NOT NULL COMMENT '訂單編號',
  `emailid` int(10) NOT NULL COMMENT '會員編號',
  `addressid` int(10) NOT NULL COMMENT '收件人編號',
  `howpay` tinyint(4) NOT NULL DEFAULT 1 COMMENT '如何付款',
  `paystatus` int(5) DEFAULT NULL COMMENT '付款狀態',
  `status` tinyint(1) NOT NULL DEFAULT 1 COMMENT '訂單處理狀態',
  `remark` varchar(200) DEFAULT NULL COMMENT '備註',
  `create_date` timestamp NOT NULL DEFAULT current_timestamp() COMMENT '訂單時間'
) ENGINE=InnoDB DEFAULT CHARSET=utf8 COLLATE=utf8_unicode_ci ROW_FORMAT=COMPACT;

--
-- 已傾印資料表的索引
--

--
-- 資料表索引 `addbook`
--
ALTER TABLE `addbook`
  ADD PRIMARY KEY (`addressid`);

--
-- 資料表索引 `carousel`
--
ALTER TABLE `carousel`
  ADD PRIMARY KEY (`caro_id`);

--
-- 資料表索引 `cart`
--
ALTER TABLE `cart`
  ADD PRIMARY KEY (`cartid`);

--
-- 資料表索引 `city`
--
ALTER TABLE `city`
  ADD PRIMARY KEY (`AutoNo`);

--
-- 資料表索引 `hot`
--
ALTER TABLE `hot`
  ADD PRIMARY KEY (`h_id`);

--
-- 資料表索引 `member`
--
ALTER TABLE `member`
  ADD PRIMARY KEY (`emailid`),
  ADD UNIQUE KEY `email` (`email`);

--
-- 資料表索引 `multiselect`
--
ALTER TABLE `multiselect`
  ADD PRIMARY KEY (`msid`);

--
-- 資料表索引 `product`
--
ALTER TABLE `product`
  ADD PRIMARY KEY (`p_id`);

--
-- 資料表索引 `product_img`
--
ALTER TABLE `product_img`
  ADD PRIMARY KEY (`img_id`);

--
-- 資料表索引 `pyclass`
--
ALTER TABLE `pyclass`
  ADD PRIMARY KEY (`classid`);

--
-- 資料表索引 `town`
--
ALTER TABLE `town`
  ADD PRIMARY KEY (`townNo`);

--
-- 資料表索引 `uorder`
--
ALTER TABLE `uorder`
  ADD PRIMARY KEY (`orderid`);

--
-- 在傾印的資料表使用自動遞增(AUTO_INCREMENT)
--

--
-- 使用資料表自動遞增(AUTO_INCREMENT) `addbook`
--
ALTER TABLE `addbook`
  MODIFY `addressid` int(10) NOT NULL AUTO_INCREMENT COMMENT '地址ID', AUTO_INCREMENT=2;

--
-- 使用資料表自動遞增(AUTO_INCREMENT) `carousel`
--
ALTER TABLE `carousel`
  MODIFY `caro_id` int(3) NOT NULL AUTO_INCREMENT COMMENT '輪播編號', AUTO_INCREMENT=5;

--
-- 使用資料表自動遞增(AUTO_INCREMENT) `cart`
--
ALTER TABLE `cart`
  MODIFY `cartid` int(10) NOT NULL AUTO_INCREMENT COMMENT '購物車編號', AUTO_INCREMENT=7;

--
-- 使用資料表自動遞增(AUTO_INCREMENT) `city`
--
ALTER TABLE `city`
  MODIFY `AutoNo` int(10) NOT NULL AUTO_INCREMENT COMMENT '城市編號', AUTO_INCREMENT=24;

--
-- 使用資料表自動遞增(AUTO_INCREMENT) `hot`
--
ALTER TABLE `hot`
  MODIFY `h_id` int(3) NOT NULL AUTO_INCREMENT COMMENT '熱銷商品流水號', AUTO_INCREMENT=5;

--
-- 使用資料表自動遞增(AUTO_INCREMENT) `member`
--
ALTER TABLE `member`
  MODIFY `emailid` int(11) NOT NULL AUTO_INCREMENT COMMENT 'email流水號', AUTO_INCREMENT=2;

--
-- 使用資料表自動遞增(AUTO_INCREMENT) `multiselect`
--
ALTER TABLE `multiselect`
  MODIFY `msid` int(5) NOT NULL AUTO_INCREMENT COMMENT '多功能選擇ID', AUTO_INCREMENT=39;

--
-- 使用資料表自動遞增(AUTO_INCREMENT) `town`
--
ALTER TABLE `town`
  MODIFY `townNo` bigint(20) NOT NULL AUTO_INCREMENT COMMENT '鄕鎮市編號', AUTO_INCREMENT=374;
COMMIT;

/*!40101 SET CHARACTER_SET_CLIENT=@OLD_CHARACTER_SET_CLIENT */;
/*!40101 SET CHARACTER_SET_RESULTS=@OLD_CHARACTER_SET_RESULTS */;
/*!40101 SET COLLATION_CONNECTION=@OLD_COLLATION_CONNECTION */;
